P7,,,P5,
ID,Sequence in read,,ID,Sequence in read
p7_T1,ATTACTCG,,p5_T1,TATAGCCT
p7_T2,TCCGGAGA,,p5_T2,ATAGAGGC
p7_T3,CGCTCATT,,p5_T3,CCTATCCT
p7_T4,GAGATTCC,,p5_T4,GGCTCTGA
p7_T5,GAATTCGT,,p5_T5,AGGCGAAG
p7_T6,CTGAAGCT,,p5_T6,CAGGACGT
p7_T7,TAATGCGC,,p5_T7,GTACTGAC
p7_T8,CGGCTATG,,p5_T8,GGTTGCGT
p7_T9,TCCGCGAA,,p5_T9,TTCGGAAG
p7_T10,AGCGATAG,,p5_T10,AGGCTGGT
p7_T11,AGACACCT,,p5_T11,GGAAGACT
p7_T12,CTATTAGG,,p5_T12,GAACGCAT
p7_T13,CATGTCAG,,p5_T13,TGCTGGTA
p7_T14,CTCATACA,,p5_T14,CATTCAGT
p7_T15,AGATCTTC,,p5_T15,ACAAGGAT
p7_T16,AGAGCAGT,,p5_T16,TGTCAGCT
p7_T17,AGACGGAG,,p5_6old,TAATCTTA
p7_T18,TGTGCAAC,,,
p7_T19,ACATTGGC,,,
p7_T20,TGTTACCA,,,
p7_T21,GCTCTAAG,,,
p7_T22,TATCGGTT,,,
p7_T23,CAGTTGCA,,,
p7_T24,CAGTTGCA,,,
p7_7old,ATTCAGAA,,,
p7_11old,TCTCGCGC,,,